City_ID,City,Lat,Lng,Max Temp,Humidity,Cloudiness,Wind Speed,Country,Date
0,Les Cayes,18.2,-73.75,81.93,63,2,12.03,HT,2/2/2022 20:18
1,Dudinka,69.4058,86.1778,-8.01,100,95,5.5,RU,2/2/2022 20:18
2,Severo-Kurilsk,50.6789,156.125,26.29,83,95,6.87,RU,2/2/2022 20:18
3,Punta Arenas,-53.15,-70.9167,51.82,87,75,10.36,CL,2/2/2022 20:15
4,Kapaa,22.0752,-159.319,78.78,70,20,1.01,US,2/2/2022 20:18
5,Atuona,-9.8,-139.0333,77.49,79,93,15.7,PF,2/2/2022 20:15
6,Mataura,-46.1927,168.8643,57.47,98,100,4.47,NZ,2/2/2022 20:18
7,Mgandu,-5.95,34.1333,61.54,95,100,1.36,TZ,2/2/2022 20:18
8,Tuktoyaktuk,69.4541,-133.0374,-27.4,75,40,10.36,CA,2/2/2022 20:18
9,Albany,42.6001,-73.9662,45.73,72,89,1.99,US,2/2/2022 20:15
10,Hilo,19.7297,-155.09,78.53,71,40,0,US,2/2/2022 20:18
11,Sao Joao Da Barra,-21.6403,-41.0511,75.29,85,99,9.15,BR,2/2/2022 20:15
12,Hobart,-42.8794,147.3294,53.46,76,40,6.91,AU,2/2/2022 20:15
13,Rikitea,-23.1203,-134.9692,77.94,74,100,5.93,PF,2/2/2022 20:14
14,Shenzhen,22.5455,114.0683,58.14,96,100,8.95,CN,2/2/2022 20:18
15,Hovd,48.0056,91.6419,-4.41,96,98,1.41,MN,2/2/2022 20:16
16,Luderitz,-26.6481,15.1594,67.73,80,61,0.83,NA,2/2/2022 20:13
17,Hambantota,6.1241,81.1185,73.08,83,8,12.08,LK,2/2/2022 20:18
18,Nikolskoye,59.7035,30.7861,22.89,99,99,1.1,RU,2/2/2022 20:18
19,Snasa,64.2457,12.3778,17.01,95,100,5.88,NO,2/2/2022 20:18
20,Lubango,-14.9172,13.4925,60.53,53,100,4.34,AO,2/2/2022 20:18
21,Batagay-Alyta,67.8006,130.4114,-24.92,99,67,2.75,RU,2/2/2022 20:18
22,Faanui,-16.4833,-151.75,80.71,75,18,16.98,PF,2/2/2022 20:17
23,Victoria,22.2855,114.1577,58.24,92,100,1.99,HK,2/2/2022 20:17
24,Ushuaia,-54.8,-68.3,47.86,57,75,17.27,AR,2/2/2022 20:18
25,Cidreira,-30.1811,-50.2056,78.3,78,0,15.59,BR,2/2/2022 20:18
26,Moose Factory,51.2585,-80.6094,-0.4,50,0,14.97,CA,2/2/2022 20:18
27,La Asuncion,11.0333,-63.8628,87.53,55,5,17.27,VE,2/2/2022 20:18
28,Yanai,33.9667,132.1167,39.58,56,100,5.14,JP,2/2/2022 20:18
29,Belyy Yar,53.6039,91.3903,-18.51,76,100,2.24,RU,2/2/2022 20:18
30,Norman Wells,65.282,-126.8329,-23.76,69,75,8.05,CA,2/2/2022 20:18
31,Pevek,69.7008,170.3133,-8.79,77,33,4.29,RU,2/2/2022 20:18
32,Busselton,-33.65,115.3333,66.04,49,100,15.1,AU,2/2/2022 20:18
33,Russell,32.3502,-85.1999,69.51,53,40,17.27,US,2/2/2022 20:15
34,Castro,-24.7911,-50.0119,75.94,71,40,1.25,BR,2/2/2022 20:17
35,Tabou,4.423,-7.3528,79.57,79,100,7.67,CI,2/2/2022 20:18
36,San Patricio,28.017,-97.5169,79.48,67,100,15.79,US,2/2/2022 20:18
37,Talnakh,69.4865,88.3972,-4.7,99,95,6.24,RU,2/2/2022 20:18
38,Kodiak,57.79,-152.4072,36.91,93,100,0,US,2/2/2022 20:18
39,Avera,33.194,-82.5271,65.71,65,82,7.67,US,2/2/2022 20:18
40,Kruisfontein,-34.0033,24.7314,69.89,91,100,8.21,ZA,2/2/2022 20:18
41,Pisco,-13.7,-76.2167,75.25,64,0,14.97,PE,2/2/2022 20:18
42,Tasiilaq,65.6145,-37.6368,12.36,71,100,6.87,GL,2/2/2022 20:18
43,Portland,45.5234,-122.6762,45.45,93,100,1.01,US,2/2/2022 20:17
44,Port Alfred,-33.5906,26.891,74.3,95,100,10.09,ZA,2/2/2022 20:18
45,New Norfolk,-42.7826,147.0587,53.1,73,55,1.01,AU,2/2/2022 20:18
46,Villa Bruzual,9.3328,-69.1208,92.59,34,77,5.7,VE,2/2/2022 20:18
47,Avarua,-21.2078,-159.775,82.45,78,75,17.27,CK,2/2/2022 20:18
48,Hermanus,-34.4187,19.2345,66.9,85,10,10.58,ZA,2/2/2022 20:15
49,Leningradskiy,69.3833,178.4167,-14.01,96,30,10.18,RU,2/2/2022 20:19
50,Butaritari,3.0707,172.7902,80.73,81,41,17.83,KI,2/2/2022 20:19
51,Prattville,32.464,-86.4597,69.4,51,100,14.97,US,2/2/2022 20:19
52,Jamestown,42.097,-79.2353,43.92,56,75,14.97,US,2/2/2022 20:19
53,Klaksvik,62.2266,-6.589,41.92,82,100,7.67,FO,2/2/2022 20:19
54,Ullapool,57.8987,-5.1604,50.95,97,100,17.02,GB,2/2/2022 20:15
55,Ler,8.3018,30.1418,82.45,22,89,4.74,SS,2/2/2022 20:19
56,Jiwani,25.05,61.7417,70.77,37,0,15.99,PK,2/2/2022 20:19
57,Cape Town,-33.9258,18.4232,67.12,88,75,6.91,ZA,2/2/2022 20:19
58,Nioro,13.35,-15.75,88.52,10,42,5.39,GM,2/2/2022 20:19
59,Cuamba,-14.8031,36.5372,70.56,90,87,2.35,MZ,2/2/2022 20:19
60,Senneterre,48.3835,-77.2328,21.42,87,100,7.9,CA,2/2/2022 20:19
61,Vaini,-21.2,-175.2,84.36,79,40,5.75,TO,2/2/2022 20:19
62,Ambon,-3.6954,128.1814,77.14,88,20,4.61,ID,2/2/2022 20:19
63,Farah,32.5,62.5,40.05,53,0,5.66,AF,2/2/2022 20:19
64,Puerto Madryn,-42.7692,-65.0385,84.42,25,79,16.17,AR,2/2/2022 20:16
65,Tiksi,71.6872,128.8694,-5.08,99,100,6.42,RU,2/2/2022 20:19
66,Viedma,-40.8135,-62.9967,84.47,22,32,13.29,AR,2/2/2022 20:19
67,Katsuura,35.1333,140.3,35.71,54,22,10.65,JP,2/2/2022 20:17
68,Egvekinot,66.3167,-179.1667,-8.18,79,7,21,RU,2/2/2022 20:19
69,Kavieng,-2.5744,150.7967,77.36,86,100,13,PG,2/2/2022 20:19
70,Yellowknife,62.456,-114.3525,-22.59,80,20,3.44,CA,2/2/2022 20:17
71,Hofn,64.2539,-15.2082,29.43,58,100,6.13,IS,2/2/2022 20:17
72,Alice Springs,-23.7,133.8833,65.75,88,100,8.05,AU,2/2/2022 20:20
73,Omsukchan,62.5333,155.8,-15.52,100,100,6.35,RU,2/2/2022 20:20
74,Chokurdakh,70.6333,147.9167,-18.22,97,100,6.58,RU,2/2/2022 20:20
75,Cabo San Lucas,22.8909,-109.9124,79.61,44,20,3,MX,2/2/2022 20:18
76,Maragogi,-9.0122,-35.2225,82.2,69,12,11.74,BR,2/2/2022 20:20
77,Esperance,-33.8667,121.9,59.7,74,4,10.74,AU,2/2/2022 20:20
78,Ayan,56.45,138.1667,-2.07,80,100,15.48,RU,2/2/2022 20:20
79,Port Lincoln,-34.7333,135.8667,61.47,76,31,12.73,AU,2/2/2022 20:15
80,Saint-Philippe,-21.3585,55.7679,80.19,93,100,31.65,RE,2/2/2022 20:20
81,Kenora,49.8167,-94.4337,-5.82,59,75,19.57,CA,2/2/2022 20:20
82,Beringovskiy,63.05,179.3167,-0.18,83,65,19.55,RU,2/2/2022 20:20
83,Edmundston,47.3737,-68.3251,35.74,69,20,12.66,CA,2/2/2022 20:20
84,Barrow,71.2906,-156.7887,-21.98,69,0,4.61,US,2/2/2022 20:15
85,Sangar,63.9242,127.4739,-22.83,98,94,2.59,RU,2/2/2022 20:20
86,Creteni,44.6833,24.1833,33.94,69,56,3.89,RO,2/2/2022 20:20
87,Kyshtovka,56.555,76.6271,5.94,97,100,7.29,RU,2/2/2022 20:20
88,Fare,-16.7,-151.0167,80.82,70,17,16.71,PF,2/2/2022 20:20
89,Yarada,17.65,83.2667,71.92,94,20,2.3,IN,2/2/2022 20:20
90,Sovetskiy,61.3614,63.5842,22.55,97,100,5.59,RU,2/2/2022 20:19
91,Buritizeiro,-17.3511,-44.9622,79.07,77,100,3.2,BR,2/2/2022 20:20
92,Laguna,38.421,-121.4238,61.43,28,0,11.99,US,2/2/2022 20:20
93,Shieli,44.1667,66.75,25.25,96,6,1.19,KZ,2/2/2022 20:20
94,Ponta Do Sol,32.6667,-17.1,67.01,82,100,3.89,PT,2/2/2022 20:21
95,Roald,62.5833,6.1333,33.94,69,40,9.22,NO,2/2/2022 20:21
96,Colborne,44.0001,-77.8828,40.71,94,100,6.51,CA,2/2/2022 20:21
97,Saskylakh,71.9167,114.0833,-29.81,100,28,2.8,RU,2/2/2022 20:21
98,Altamira,-3.2033,-52.2064,86.09,70,40,8.05,BR,2/2/2022 20:21
99,Bluff,-46.6,168.3333,57.79,72,100,15.08,NZ,2/2/2022 20:21
100,Ierapetra,35.01,25.7353,54.14,72,94,7,GR,2/2/2022 20:21
101,Mayumba,-3.432,10.6554,77.68,90,100,6.33,GA,2/2/2022 20:21
102,San Andres,12.5847,-81.7006,84.22,65,20,11.5,CO,2/2/2022 20:21
103,Santa Isabel Do Rio Negro,-0.4139,-65.0192,87.04,62,99,5.39,BR,2/2/2022 20:21
104,Vestmannaeyjar,63.4427,-20.2734,29.39,93,100,20.71,IS,2/2/2022 20:21
105,Taoudenni,22.6783,-3.9836,69.58,16,3,11.56,ML,2/2/2022 20:21
106,Codrington,-38.2667,141.9667,59.25,56,73,16.53,AU,2/2/2022 20:21
107,Banjar,-8.19,114.9675,84.06,90,96,5.1,ID,2/2/2022 20:21
108,Potiskum,11.7091,11.0694,67.05,13,28,10.09,NG,2/2/2022 20:21
109,Provideniya,64.3833,-173.3,3.74,67,1,22.95,RU,2/2/2022 20:21
110,Chabahar,25.2919,60.643,70.7,34,0,7.29,IR,2/2/2022 20:21
111,Uvat,59.1433,68.8953,22.91,93,100,10.69,RU,2/2/2022 20:21
112,Te Anau,-45.4167,167.7167,57.85,96,100,3,NZ,2/2/2022 20:21
113,Hami,42.8,93.45,22.19,33,1,0.74,CN,2/2/2022 20:21
114,Arraial Do Cabo,-22.9661,-42.0278,80.56,83,40,8.05,BR,2/2/2022 20:21
115,Baykit,61.67,96.37,-4.67,100,100,1.48,RU,2/2/2022 20:21
116,Sosnovo-Ozerskoye,52.5249,111.5418,-29.6,100,36,1.95,RU,2/2/2022 20:21
117,Westport,41.1415,-73.3579,46.78,87,100,6.91,US,2/2/2022 20:21
118,San Francisco,37.7749,-122.4194,62.82,28,20,4,US,2/2/2022 20:20
119,Mikhaylovka,50.06,43.2379,35.78,100,100,8.5,RU,2/2/2022 20:21
120,Kuchinarai,16.541,104.05,67.01,80,12,5.61,TH,2/2/2022 20:21
121,Duldurga,50.6761,113.5931,-15.7,97,12,4.36,RU,2/2/2022 20:21
122,Saldanha,-33.0117,17.9442,66.25,86,100,6.73,ZA,2/2/2022 20:21
123,Susuman,62.7833,148.1667,-18.56,99,100,3.15,RU,2/2/2022 20:21
124,Jashpurnagar,22.9,84.15,55.74,46,1,3.15,IN,2/2/2022 20:21
125,Boffa,10.1667,-14.0333,78.51,80,55,5.88,GN,2/2/2022 20:21
126,Constitucion,-35.3333,-72.4167,66.54,67,8,8.12,CL,2/2/2022 20:21
127,Port Elizabeth,-33.918,25.5701,72.1,94,75,10.36,ZA,2/2/2022 20:21
128,Hithadhoo,-0.6,73.0833,82.13,70,81,6.62,MV,2/2/2022 20:21
129,Sorland,67.667,12.6934,26.67,55,100,19.84,NO,2/2/2022 20:21
130,Narsaq,60.9167,-46.05,5.22,68,18,6.69,GL,2/2/2022 20:21
131,Kadaya,50.9327,119.2911,-26.88,98,59,2.82,RU,2/2/2022 20:21
132,Guane,22.2025,-84.0875,80.58,63,46,14.63,CU,2/2/2022 20:21
133,Dingle,10.9995,122.6711,73.83,94,100,8.66,PH,2/2/2022 20:21
134,Sao Felix Do Xingu,-6.6447,-51.995,82.98,74,43,2.35,BR,2/2/2022 20:21
135,Meulaboh,4.1363,96.1285,77.32,84,86,4.41,ID,2/2/2022 20:21
136,Lebu,-37.6167,-73.65,64.87,77,34,10.67,CL,2/2/2022 20:21
137,Georgetown,5.4112,100.3354,80.53,88,20,2.3,MY,2/2/2022 20:18
138,Dalmatovo,56.26,62.9362,5.9,97,65,5.3,RU,2/2/2022 20:21
139,Seymchan,62.8833,152.4333,-15.93,97,100,1.83,RU,2/2/2022 20:21
140,Sorong,-0.8833,131.25,77.72,87,100,3.44,ID,2/2/2022 20:21
141,Northam,51.0333,-4.2167,49.01,87,100,8.41,GB,2/2/2022 20:21
142,Bredasdorp,-34.5322,20.0403,70.92,68,46,8.05,ZA,2/2/2022 20:22
143,Puerto Ayora,-0.7393,-90.3518,84.16,88,45,8.01,EC,2/2/2022 20:22
144,Mae Hong Son,19.3003,97.9685,54.41,48,4,1.79,TH,2/2/2022 20:22
145,Havre-Saint-Pierre,50.2334,-63.5986,26.6,80,100,12.66,CA,2/2/2022 20:22
146,Olafsvik,64.8945,-23.7142,30.45,59,97,10.6,IS,2/2/2022 20:22
147,Abu Samrah,35.3029,37.1841,50.14,60,100,11.16,SY,2/2/2022 20:18
148,Rawson,-43.3002,-65.1023,81.79,30,100,7.81,AR,2/2/2022 20:20
149,Qostanay,53.1667,63.5833,20.07,96,100,7.72,KZ,2/2/2022 20:22
150,Petatlan,17.5167,-101.2667,85.8,45,0,8.43,MX,2/2/2022 20:22
151,Bethel,41.3712,-73.414,46.49,73,100,5.75,US,2/2/2022 20:22
152,Riyadh,24.6877,46.7219,53.74,35,0,5.66,SA,2/2/2022 20:20
153,Alekseyevskoye,55.3071,50.1135,25.48,98,100,6.02,RU,2/2/2022 20:22
154,Haverfordwest,51.8017,-4.9691,48.06,92,100,7.92,GB,2/2/2022 20:22
155,Bambous Virieux,-20.3428,57.7575,80.85,89,75,29.93,MU,2/2/2022 20:22
156,Praia Da Vitoria,38.7333,-27.0667,61.05,77,20,10.45,PT,2/2/2022 20:22
157,Yerbogachen,61.2767,108.0108,-4.58,99,100,3.22,RU,2/2/2022 20:22
158,Yeppoon,-23.1333,150.7333,73.18,90,100,3.56,AU,2/2/2022 20:22
159,Salalah,17.0151,54.0924,73.49,40,0,3.44,OM,2/2/2022 20:18
160,Antalaha,-14.9003,50.2788,75.72,81,100,5.21,MG,2/2/2022 20:22
161,Samarai,-10.6167,150.6667,79.45,81,95,7.14,PG,2/2/2022 20:22
162,Xiongzhou,25.1167,114.3,41.76,95,100,3.36,CN,2/2/2022 20:22
163,Bagdarin,54.4333,113.6,-19.82,96,5,4.25,RU,2/2/2022 20:22
164,Lesogorskiy,61.0455,28.9294,9.86,97,86,2.51,RU,2/2/2022 20:22
165,Cockburn Town,21.4612,-71.1419,73.36,83,75,13.8,TC,2/2/2022 20:22
166,Zelenogorskiy,55.0333,87,14.52,98,94,2.33,RU,2/2/2022 20:21
167,Carnarvon,-24.8667,113.6333,77.07,88,98,9.22,AU,2/2/2022 20:22
168,Marawi,7.9986,124.2928,66.65,90,97,1.32,PH,2/2/2022 20:20
169,Kaitangata,-46.2817,169.8464,55.85,95,100,6.78,NZ,2/2/2022 20:22
170,Port Macquarie,-31.4333,152.9167,69.69,100,100,10.36,AU,2/2/2022 20:22
171,Oyo,7.85,3.9333,80.08,15,3,3.42,NG,2/2/2022 20:22
172,Angoche,-16.2325,39.9086,77.4,82,42,2.28,MZ,2/2/2022 20:22
173,Ginda,30.6945,78.4932,41.29,79,100,3.94,IN,2/2/2022 20:22
174,Alofi,-19.0595,-169.9187,75.6,88,100,21.68,NU,2/2/2022 20:22
175,Bandarbeyla,9.4942,50.8122,75.47,72,27,18.7,SO,2/2/2022 20:22
176,Vredendal,-31.6683,18.5012,70.97,69,99,10.54,ZA,2/2/2022 20:22
177,Mar Del Plata,-38.0023,-57.5575,86.02,50,0,11.99,AR,2/2/2022 20:22
178,Buala,-8.145,159.5921,79,84,100,6.22,SB,2/2/2022 20:19
179,Areosa,41.7178,-8.8571,57.24,79,100,6.15,PT,2/2/2022 20:22
180,Souillac,-20.5167,57.5167,80.98,89,75,29.93,MU,2/2/2022 20:22
181,Embonas,36.2269,27.8564,55.53,73,100,26.26,GR,2/2/2022 20:22
182,Ramona,33.0417,-116.8681,65.21,30,0,4,US,2/2/2022 20:18
183,Kaeo,-35.1,173.7833,72.32,90,100,10.42,NZ,2/2/2022 20:22
184,Keti Bandar,24.1447,67.4497,72.86,44,4,22.62,PK,2/2/2022 20:23
185,Hohhot,40.8106,111.6522,-1.91,71,0,2.24,CN,2/2/2022 20:23
186,Victoria Point,-27.5833,153.3,79.18,97,93,1.01,AU,2/2/2022 20:23
187,Nanortalik,60.1432,-45.2371,6.39,72,1,11.43,GL,2/2/2022 20:23
188,Paragominas,-2.9667,-47.4833,79.9,84,68,3.47,BR,2/2/2022 20:23
189,Seoul,37.5683,126.9778,22.44,79,0,2.3,KR,2/2/2022 20:19
190,Oktyabrskoye,43.0645,44.7417,28.54,100,60,4.47,RU,2/2/2022 20:23
191,Sundsvall,62.3913,17.3063,10.36,85,100,9.22,SE,2/2/2022 20:24
192,San Buenaventura,27.0833,-101.5333,81.48,25,40,8.05,MX,2/2/2022 20:24
193,Bengkulu,-3.8004,102.2655,75.9,90,99,4.27,ID,2/2/2022 20:21
194,Quatre Cocos,-20.2078,57.7625,80.71,94,100,34.18,MU,2/2/2022 20:24
195,Awjilah,29.1081,21.2869,54.23,58,72,13.76,LY,2/2/2022 20:24
196,Gazalkent,41.5581,69.7708,34.16,80,92,5.79,UZ,2/2/2022 20:24
197,Poum,-20.2333,164.0167,79.45,78,0,11.16,NC,2/2/2022 20:24
198,Haimen,23.1935,116.6142,53.49,89,100,16.08,CN,2/2/2022 20:24
199,Vardo,70.3705,31.1107,28.38,74,75,12.66,NO,2/2/2022 20:24
200,Ust-Ishim,57.6935,71.1665,21.94,94,100,8.86,RU,2/2/2022 20:24
201,Seminole,28.7086,-81.2081,80.87,49,20,4,US,2/2/2022 20:23
202,Bauchi,10.5,10,67.69,16,5,6.51,NG,2/2/2022 20:24
203,Zaraza,9.3503,-65.3245,89.49,43,100,7.87,VE,2/2/2022 20:24
204,Kutum,14.2,24.6667,67.06,21,75,3.44,SD,2/2/2022 20:24
205,Xambioa,-6.4111,-48.5364,81.7,86,41,3.62,BR,2/2/2022 20:24
206,Itarema,-2.9248,-39.9167,82.47,70,50,12.97,BR,2/2/2022 20:24
207,Peniche,39.3558,-9.3811,58.48,80,97,8.57,PT,2/2/2022 20:23
208,Komsomolskiy,40.4272,71.7189,38.12,75,75,4.61,UZ,2/2/2022 20:24
209,Freeport,40.6576,-73.5832,45.95,83,100,5.99,US,2/2/2022 20:19
210,Hetauda,27.4284,85.0322,52.95,70,12,5.55,NP,2/2/2022 20:24
211,Aasiaat,68.7098,-52.8699,-5.26,78,100,16.44,GL,2/2/2022 20:24
212,Sabha,27.0377,14.4283,48.61,33,0,9.37,LY,2/2/2022 20:24
213,Pontianak,-0.0333,109.3333,76.98,94,100,1.14,ID,2/2/2022 20:24
214,Marzuq,14.4,46.4667,68.16,50,99,6.82,YE,2/2/2022 20:24
215,Ponta Delgada,37.7333,-25.6667,59.5,77,20,6.91,PT,2/2/2022 20:24
216,Moundou,8.5667,16.0833,78.31,15,1,5.77,TD,2/2/2022 20:24
217,Pangnirtung,66.1451,-65.7125,6.8,78,100,18.41,CA,2/2/2022 20:24
218,Kempele,64.9131,25.5034,1.42,92,0,2.3,FI,2/2/2022 20:24
219,Milkovo,54.7167,158.6167,21.25,88,100,9.98,RU,2/2/2022 20:24
220,Ancud,-41.8697,-73.8203,71.22,72,92,8.68,CL,2/2/2022 20:24
221,La Ronge,55.1001,-105.2842,-16.35,48,0,5.75,CA,2/2/2022 20:24
222,East Wenatchee Bench,47.4257,-120.2812,33.3,59,20,1.01,US,2/2/2022 20:24
223,Santa Cruz,-17.8,-63.1667,91.45,55,40,13.8,BO,2/2/2022 20:24
224,Yar-Sale,66.8333,70.8333,-5.15,93,100,12.15,RU,2/2/2022 20:24
225,Qingquan,30.4511,115.2559,37.99,89,100,1.14,CN,2/2/2022 20:24
226,Mersing,2.4312,103.8405,80.51,83,72,9.22,MY,2/2/2022 20:24
227,Yakeshi,49.2833,120.7333,-27.65,100,99,3.06,CN,2/2/2022 20:24
228,Nabire,-3.3667,135.4833,74.5,91,100,3.11,ID,2/2/2022 20:24
229,Tarakan,3.3,117.6333,77.99,82,100,9.24,ID,2/2/2022 20:24
230,Tual,-5.6667,132.75,82.45,75,100,8.63,ID,2/2/2022 20:24
231,Padang,-0.9492,100.3543,77.54,87,99,4.25,ID,2/2/2022 20:24
232,Celestun,20.8667,-90.4,83.39,58,0,5.26,MX,2/2/2022 20:24
233,Kariba,-16.5167,28.8,72.36,86,0,4.38,ZW,2/2/2022 20:24
234,Fortuna,40.5982,-124.1573,53.94,61,100,5.99,US,2/2/2022 20:24
235,Namatanai,-3.6667,152.4333,77.79,84,100,6.82,PG,2/2/2022 20:24
236,Palana,59.1167,159.9667,13.5,87,100,16.28,RU,2/2/2022 20:24
237,Ucluelet,48.9329,-125.5528,41.09,90,100,1.01,CA,2/2/2022 20:25
238,Polyarnyy,69.1989,33.4478,-1.73,94,100,0.6,RU,2/2/2022 20:25
239,Mitchell,43.7094,-98.0298,10.74,46,0,4,US,2/2/2022 20:23
240,Three Hills,51.7001,-113.2686,0.61,71,100,20.71,CA,2/2/2022 20:25
241,Khash,28.2211,61.2158,44.33,57,0,2.53,IR,2/2/2022 20:25
242,Jati,24.3539,68.2671,72.5,21,0,14.34,PK,2/2/2022 20:25
243,Harnosand,62.6323,17.9379,10.4,88,63,5.86,SE,2/2/2022 20:25
244,Mosquera,4.7059,-74.2302,66.29,52,40,10.36,CO,2/2/2022 20:21
245,Geraldton,-28.7667,114.6,84.61,18,0,16.11,AU,2/2/2022 20:25
246,Barcelos,41.5388,-8.6151,56.84,79,87,2.46,PT,2/2/2022 20:25
247,Melendugno,40.2747,18.3368,53.26,74,20,9.22,IT,2/2/2022 20:25
248,Raudeberg,61.9875,5.1352,31.19,48,100,5.39,NO,2/2/2022 20:25
249,Matai,-8.3,31.5167,59.94,95,100,2.33,TZ,2/2/2022 20:25
250,Pedra Branca,-5.4542,-39.7172,88.68,32,98,6.6,BR,2/2/2022 20:25
251,Kokopo,-4.352,152.2633,76.66,86,100,10.76,PG,2/2/2022 20:25
252,Abu Zabad,12.35,29.25,75.87,18,24,8.79,SD,2/2/2022 20:25
253,Manzhouli,49.6,117.4333,-15.99,95,21,6.55,CN,2/2/2022 20:25
254,Alta Floresta,-9.8756,-56.0861,75.02,100,75,5.75,BR,2/2/2022 20:25
255,Zyryanka,65.75,150.85,-26.55,100,45,4.34,RU,2/2/2022 20:25
256,Turayf,31.6725,38.6637,48.45,49,0,20.71,SA,2/2/2022 20:24
257,Port Hedland,-20.3167,118.5667,78.85,100,100,5.75,AU,2/2/2022 20:25
258,Clyde River,70.4692,-68.5914,-18.17,69,100,5.75,CA,2/2/2022 20:25
259,Goderich,43.7501,-81.7165,30.04,93,100,13.8,CA,2/2/2022 20:25
260,Husavik,66.0449,-17.3389,24.71,89,98,5.17,IS,2/2/2022 20:25
261,Chuy,-33.6971,-53.4616,79.92,60,0,14,UY,2/2/2022 20:25
262,Flinders,-34.5833,150.8552,65.21,74,100,11.99,AU,2/2/2022 20:23
263,Zhoucheng,35.9122,116.3117,30.9,44,100,4.09,CN,2/2/2022 20:25
264,Torbay,47.6666,-52.7314,27.88,81,20,8.05,CA,2/2/2022 20:25
265,Qaanaaq,77.484,-69.3632,-16.51,73,100,6.76,GL,2/2/2022 20:25
266,Acapulco,16.8634,-99.8901,84.02,61,40,9.22,MX,2/2/2022 20:25
267,Tuatapere,-46.1333,167.6833,57.81,90,100,7.49,NZ,2/2/2022 20:25
268,Edendale,-29.6528,30.3147,71.62,94,49,2.59,ZA,2/2/2022 20:25
269,Harper,4.375,-7.7169,79.36,78,82,8.19,LR,2/2/2022 20:25
270,Spearfish,44.4908,-103.8594,7.11,60,20,3,US,2/2/2022 20:25
271,Grand-Santi,4.25,-54.3833,77.95,95,56,3.83,GF,2/2/2022 20:25
272,Basavana Bagevadi,16.5833,75.9667,73.45,33,2,7.72,IN,2/2/2022 20:25
273,Saskatoon,52.1168,-106.6345,-13.85,75,20,4,CA,2/2/2022 20:24
274,Taman,45.2117,36.7161,52.12,88,100,15.48,RU,2/2/2022 20:25
275,Opuwo,-18.0607,13.84,68.38,52,65,12.01,NA,2/2/2022 20:25
276,Bilibino,68.0546,166.4372,-7.73,63,96,5.39,RU,2/2/2022 20:23
277,Kamaishi,39.2667,141.8833,30.79,64,7,6.87,JP,2/2/2022 20:20
278,Ulaangom,49.9811,92.0667,-21.08,90,97,2.28,MN,2/2/2022 20:25
279,Ishigaki,24.3448,124.1572,71.74,80,65,17.74,JP,2/2/2022 20:25
280,Zhigansk,66.7697,123.3711,-12.14,99,100,4.03,RU,2/2/2022 20:23
281,Bima,-8.4667,118.7167,74.75,93,98,2.46,ID,2/2/2022 20:25
282,Adrar,20.5022,-10.0711,73.62,18,96,10.67,MR,2/2/2022 20:26
283,Fairbanks,64.8378,-147.7164,-25.02,70,0,0,US,2/2/2022 20:26
284,Waycross,31.2136,-82.354,73.63,53,75,11.5,US,2/2/2022 20:24
285,El Campo,29.1966,-96.2697,76.82,78,75,8.05,US,2/2/2022 20:26
286,Lavrentiya,65.5833,-171,0.1,69,1,20.31,RU,2/2/2022 20:25
287,Khatanga,71.9667,102.5,-37.91,99,52,1.66,RU,2/2/2022 20:26
288,Piacabucu,-10.4056,-36.4344,83.21,66,13,11.97,BR,2/2/2022 20:26
289,Sim,54.993,57.6982,28.35,91,100,8.16,RU,2/2/2022 20:26
290,San Matias,-16.3667,-58.4,85.35,71,93,3.15,BO,2/2/2022 20:26
291,Faya,18.3851,42.4509,57.72,72,9,0.6,SA,2/2/2022 20:25
292,Orotukan,62.2667,151.7,-12.14,99,100,2.89,RU,2/2/2022 20:26
293,Korla,41.7597,86.1469,23.67,57,17,5.14,CN,2/2/2022 20:26
294,Cherskiy,68.75,161.3,-12.06,63,62,1.7,RU,2/2/2022 20:23
295,Ciudad Bolivar,8.1222,-63.5497,91.71,36,98,10.51,VE,2/2/2022 20:26
296,Colotlan,22.1,-103.2667,75.18,15,0,13.87,MX,2/2/2022 20:26
297,Lagoa,39.05,-27.9833,58.33,73,0,8.9,PT,2/2/2022 20:26
298,Nome,64.5011,-165.4064,9.1,76,53,20.92,US,2/2/2022 20:27
299,Saint George,37.1041,-113.5841,43.63,22,40,10,US,2/2/2022 20:23
300,Lazaro Cardenas,17.9583,-102.2,80.92,55,0,10.56,MX,2/2/2022 20:27
301,Ibra,22.6906,58.5334,67.82,46,0,9.08,OM,2/2/2022 20:25
302,Mahebourg,-20.4081,57.7,80.89,89,75,29.93,MU,2/2/2022 20:27
303,Longyearbyen,78.2186,15.6401,17.44,67,87,14.97,SJ,2/2/2022 20:27
304,Ubauro,28.1652,69.7289,62.42,27,0,7.16,PK,2/2/2022 20:27
305,Katherine,-14.4667,132.2667,77.32,94,78,4.61,AU,2/2/2022 20:23
306,Kiama,-34.6833,150.8667,65.37,74,100,3,AU,2/2/2022 20:23
307,Thompson,55.7435,-97.8558,-12.84,58,20,13.8,CA,2/2/2022 20:26
308,Santa Marta,11.2408,-74.199,94.33,62,20,10.36,CO,2/2/2022 20:27
309,Carutapera,-1.195,-46.02,77.47,88,100,9.64,BR,2/2/2022 20:27
310,Daru,-9.0763,143.2092,74.34,84,100,6.24,PG,2/2/2022 20:27
311,Caravelas,-17.7125,-39.2481,80.82,79,100,7.23,BR,2/2/2022 20:27
312,Collie,-33.3667,116.15,61.99,44,45,11.07,AU,2/2/2022 20:23
313,Edinburg,55.9521,-3.1965,49.59,88,40,8.99,GB,2/2/2022 20:22
314,San Jose,37.3394,-121.895,63.16,23,20,5.01,US,2/2/2022 20:23
315,Aklavik,68.2191,-135.0107,-25.6,75,40,3.44,CA,2/2/2022 20:27
316,Haines Junction,60.7522,-137.5108,-2.25,65,99,5.75,CA,2/2/2022 20:27
317,Coquimbo,-29.9533,-71.3436,69.53,64,20,16.11,CL,2/2/2022 20:27
318,Nishihara,26.1842,127.7558,69.08,95,75,4.61,JP,2/2/2022 20:26
319,Airai,-8.9266,125.4092,60.31,88,100,2.26,TL,2/2/2022 20:27
320,Brae,60.3964,-1.353,46.31,88,100,9.62,GB,2/2/2022 20:27
321,Makakilo City,21.3469,-158.0858,79.12,64,0,5.75,US,2/2/2022 20:27
322,Bud,39.447,-86.1758,45.12,97,100,6.71,US,2/2/2022 20:27
323,Nchelenge,-9.3451,28.734,72.07,75,100,4.72,ZM,2/2/2022 20:27
324,Coxim,-18.5067,-54.76,81.28,81,100,7.96,BR,2/2/2022 20:27
325,Kamina,-8.7386,24.9906,63.55,97,100,0.96,CD,2/2/2022 20:25
326,East London,-33.0153,27.9116,75.74,92,56,18.88,ZA,2/2/2022 20:26
327,Gazanjyk,39.2446,55.5154,47.57,47,0,11.14,TM,2/2/2022 20:28
328,Warnes,-17.5,-63.1667,92.48,62,40,12.66,BO,2/2/2022 20:28
329,Ribeira Grande,38.5167,-28.7,57.6,72,20,8.05,PT,2/2/2022 20:27
330,Avigliana,45.0771,7.3986,53.78,46,0,7.4,IT,2/2/2022 20:28
331,Port Hardy,50.6996,-127.4199,43.75,93,100,14.97,CA,2/2/2022 20:24
332,Qaqortoq,60.7167,-46.0333,5.5,73,16,6.8,GL,2/2/2022 20:28
333,Chase,50.8165,-119.6857,20.79,85,100,3.8,CA,2/2/2022 20:28
334,Hamilton,39.1834,-84.5333,45,94,100,1.01,US,2/2/2022 20:28
335,Kloulklubed,7.0419,134.2556,80.31,78,100,20.02,PW,2/2/2022 20:28
336,Henties Bay,-22.116,14.2845,69.85,79,86,6.17,NA,2/2/2022 20:28
337,Maumere,-8.6199,122.2111,78.8,83,85,4.94,ID,2/2/2022 20:28
338,Shanghai,31.2222,121.4581,40.93,70,0,1.01,CN,2/2/2022 20:24
339,Ambilobe,-13.2,49.05,73.83,95,98,1.45,MG,2/2/2022 20:28
340,Bubaque,11.2833,-15.8333,77.99,86,8,17.07,GW,2/2/2022 20:28
341,Oranjemund,-28.55,16.4333,67.89,85,100,6.53,NA,2/2/2022 20:28
342,Fort Nelson,58.8053,-122.7002,-15.21,76,100,2.3,CA,2/2/2022 20:28
343,Malysheva,57.1185,61.4035,21.18,96,94,4.92,RU,2/2/2022 20:28
344,Arica,-18.475,-70.3042,80.15,60,0,13.8,CL,2/2/2022 20:28
345,Anadyr,64.75,177.4833,18.1,57,0,29.08,RU,2/2/2022 20:28
346,Linqing,36.8456,115.7117,29.97,41,0,3.96,CN,2/2/2022 20:28
347,Newport,51.5877,-2.9984,50.16,87,100,8.41,GB,2/2/2022 20:28
348,Hun,29.1268,15.9477,50.25,54,9,14.56,LY,2/2/2022 20:26
349,Atar,20.5169,-13.0499,78.22,18,0,9.6,MR,2/2/2022 20:28
350,Wanaka,-44.7,169.15,66.11,91,100,1.99,NZ,2/2/2022 20:25
351,Esmeralda,21.8525,-78.1169,85.24,61,91,12.55,CU,2/2/2022 20:28
352,Shirdi,19.7667,74.4833,66.63,39,3,9.04,IN,2/2/2022 20:28
353,Homa Bay,-0.5273,34.4571,71.28,70,100,5.08,KE,2/2/2022 20:28
354,Ahipara,-35.1667,173.1667,70.81,83,99,11.92,NZ,2/2/2022 20:28
355,Sembe,1.6481,14.5806,82.15,38,100,2.01,CG,2/2/2022 20:28
356,Jalu,29.0331,21.5482,53.42,59,45,14.61,LY,2/2/2022 20:28
357,Barcelona,41.3888,2.159,59.85,71,0,5.01,ES,2/2/2022 20:26
358,Cuddapah,14.4667,78.8167,69.49,70,2,5.68,IN,2/2/2022 20:28
359,Saint-Augustin,51.226,-58.6502,24.49,81,100,25.01,CA,2/2/2022 20:28
360,Ixtapa,20.7,-105.2,74.43,53,0,12.66,MX,2/2/2022 20:28
361,Sandi,27.3,79.95,53.35,62,4,8.66,IN,2/2/2022 20:28
362,Sinnamary,5.3833,-52.95,80.46,76,37,11.56,GF,2/2/2022 20:28
363,Sitka,57.0531,-135.33,39.09,87,100,4.61,US,2/2/2022 20:28
364,Danielskuil,-28.1887,23.5395,72.37,66,92,12.46,ZA,2/2/2022 20:28
365,Dunmore Town,25.5,-76.65,72.73,61,1,18.7,BS,2/2/2022 20:28
366,Quang Ngai,15.1167,108.8,70.81,91,100,4.85,VN,2/2/2022 20:29
367,Broome,42.2506,-75.833,42.46,69,0,1.99,US,2/2/2022 20:29
368,Anapskaya,44.89,37.38,52.03,76,75,13.42,RU,2/2/2022 20:29
369,Sonoita,31.85,-112.8333,54.54,11,0,24.67,MX,2/2/2022 20:29
370,Upernavik,72.7868,-56.1549,-4.67,68,100,5.55,GL,2/2/2022 20:28
371,Basco,20.4487,121.9702,74.55,75,100,13.71,PH,2/2/2022 20:29
372,Ostrovnoy,68.0531,39.5131,20.91,87,100,15.7,RU,2/2/2022 20:25
373,Filadelfia,39.9523,-75.1638,48.15,77,75,1.01,US,2/2/2022 20:25
374,Thinadhoo,0.5333,72.9333,82.67,70,14,8.01,MV,2/2/2022 20:29
375,Dikson,73.5069,80.5464,-8.28,98,97,10.8,RU,2/2/2022 20:29
376,Tazovskiy,67.4667,78.7,-12.98,98,100,8.05,RU,2/2/2022 20:25
377,Santa Fe,-31.6333,-60.7,102.02,28,100,1.99,AR,2/2/2022 20:29
378,Zimovniki,47.1483,42.4633,36.21,87,100,8.55,RU,2/2/2022 20:29
379,General Roca,-39.0333,-67.5833,96.62,15,3,18.48,AR,2/2/2022 20:29
380,Buchanan,5.8808,-10.0467,80.56,79,15,7.29,LR,2/2/2022 20:29
381,Vilhena,-12.7406,-60.1458,75.42,83,75,5.75,BR,2/2/2022 20:29
382,Sinjar,36.3209,41.8754,46.15,57,100,3.8,IQ,2/2/2022 20:29
383,Svetlaya,46.5389,138.3297,5.83,76,12,9.62,RU,2/2/2022 20:29
384,Hasaki,35.7333,140.8333,23.4,45,51,5.03,JP,2/2/2022 20:29
385,Lompoc,34.6391,-120.4579,67.01,20,0,12.66,US,2/2/2022 20:26
386,Sakakah,29.9697,40.2064,53.17,37,8,13.38,SA,2/2/2022 20:29
387,Hearst,49.6835,-83.6665,3.45,76,100,8.1,CA,2/2/2022 20:29
388,Shenjiamen,29.9576,122.298,45.09,76,100,18.61,CN,2/2/2022 20:29
389,Naze,28.3667,129.4833,57.49,91,100,13,JP,2/2/2022 20:29
390,Tricase,39.9304,18.3553,48.81,62,0,27.27,IT,2/2/2022 20:29
391,Dothan,31.2232,-85.3905,73.83,48,0,8.99,US,2/2/2022 20:26
392,Juneau,58.3019,-134.4197,27.84,97,100,0,US,2/2/2022 20:28
393,Chicama,-7.8447,-79.1469,68.54,53,5,14.25,PE,2/2/2022 20:29
394,Birao,10.2849,22.7882,74.91,19,10,3.76,CF,2/2/2022 20:29
395,Mahajanga,-15.7167,46.3167,80.62,89,40,6.91,MG,2/2/2022 20:29
396,Plouzane,48.3833,-4.6167,46.45,97,100,5.75,FR,2/2/2022 20:29
397,Evanston,42.0411,-87.6901,22.05,88,100,8.01,US,2/2/2022 20:26
398,Vila Velha,-20.3297,-40.2925,82.35,85,75,4.61,BR,2/2/2022 20:29
399,Touros,-5.1989,-35.4608,85.1,68,58,13.29,BR,2/2/2022 20:25
400,Mehamn,71.0357,27.8492,23.18,82,100,7.63,NO,2/2/2022 20:29
401,Vao,-22.6667,167.4833,77.76,81,100,17.36,NC,2/2/2022 20:25
402,Dongsheng,39.8161,109.9776,10.9,34,4,4.56,CN,2/2/2022 20:26
403,Nola,40.922,14.5329,52.57,78,0,4.72,IT,2/2/2022 20:29
404,Atocha,-20.9333,-66.2333,56.37,51,26,4.63,BO,2/2/2022 20:29
405,Chulman,56.8479,124.9104,-10.59,94,100,10.78,RU,2/2/2022 20:29
406,Beloha,-25.1667,45.05,74.1,73,0,20.51,MG,2/2/2022 20:29
407,Hualmay,-11.0964,-77.6139,76.06,67,4,12.64,PE,2/2/2022 20:27
408,San Jeronimo,-11.9472,-75.2829,60.91,58,53,5.5,PE,2/2/2022 20:30
409,Gairatganj,23.4202,78.2385,60.91,49,20,4.38,IN,2/2/2022 20:30
410,Magadan,59.5667,150.8,12.47,83,100,9.17,RU,2/2/2022 20:30
411,San Cristobal,7.7669,-72.225,80.78,25,3,7.94,VE,2/2/2022 20:26
412,Garoua Boulai,5.8833,14.55,71.04,29,3,0.78,CM,2/2/2022 20:30
413,Skuodas,56.2667,21.5333,28.18,94,61,2.08,LT,2/2/2022 20:30
414,Grindavik,63.8424,-22.4338,28.87,54,75,1.14,IS,2/2/2022 20:29
415,Bull Savanna,17.8868,-77.5902,81.14,59,1,15.77,JM,2/2/2022 20:28
416,Puerto Escondido,15.85,-97.0667,85.03,61,0,6.91,MX,2/2/2022 20:30
417,Najran,17.4924,44.1277,57.85,39,2,3.69,SA,2/2/2022 20:31
418,Ulladulla,-35.35,150.4667,63.09,66,88,13.09,AU,2/2/2022 20:31
419,Boyolangu,-8.1181,111.8935,74.66,91,83,1.86,ID,2/2/2022 20:31
420,Arona,28.0996,-16.681,66.83,71,75,1.99,ES,2/2/2022 20:27
421,Magnolia,33.2671,-93.2393,65.88,75,100,3.02,US,2/2/2022 20:26
422,Karratha,-20.7377,116.8463,81.41,72,100,4.99,AU,2/2/2022 20:31
423,Conceicao Do Araguaia,-8.2578,-49.2647,85.3,67,16,5.64,BR,2/2/2022 20:26
424,Bilma,18.6853,12.9164,63.75,16,0,7.47,NE,2/2/2022 20:26
425,Aykhal,66,111.5,-21.3,100,5,3,RU,2/2/2022 20:31
426,Kavaratti,10.5669,72.642,79.7,72,8,10.87,IN,2/2/2022 20:31
427,Kahului,20.8947,-156.47,80.96,63,20,3.44,US,2/2/2022 20:30
428,Sao Marcos,-28.9711,-51.0681,91.2,34,7,5.01,BR,2/2/2022 20:31
429,Corona,33.8753,-117.5664,67.03,15,0,24.16,US,2/2/2022 20:30
430,Kampot,10.6167,104.1833,77.05,82,39,4.23,KH,2/2/2022 20:31
431,Batouri,4.4333,14.3667,75.69,27,28,0.56,CM,2/2/2022 20:31
432,Cabinda,-5.55,12.2,78.35,80,86,8.59,AO,2/2/2022 20:31
433,Zhezkazgan,47.8043,67.7144,3.02,88,13,6.71,KZ,2/2/2022 20:31
434,Salinopolis,-0.6136,-47.3561,79.07,83,97,14.03,BR,2/2/2022 20:31
435,Saint Anthony,45.0205,-93.218,8.83,53,0,5.99,US,2/2/2022 20:31
436,Moron,-34.6534,-58.6198,92.8,45,52,10,AR,2/2/2022 20:31
437,Raduzhnyy,62.0961,77.475,11.86,96,100,7.83,RU,2/2/2022 20:31
438,Comodoro Rivadavia,-45.8667,-67.5,82.26,23,0,16.11,AR,2/2/2022 20:31
439,Rapid Valley,44.0625,-103.1463,10.72,63,75,4,US,2/2/2022 20:31
440,Kununurra,-15.7667,128.7333,75.18,94,100,4.61,AU,2/2/2022 20:27
441,Algiers,36.7525,3.042,48.02,76,0,5.75,DZ,2/2/2022 20:27
442,Stykkisholmur,65.0757,-22.7297,23.83,76,94,5.88,IS,2/2/2022 20:31
443,Lata,40.1629,-8.3327,52.05,72,94,1.12,PT,2/2/2022 20:31
444,San Julian,21.0167,-102.1667,74.19,19,0,16.51,MX,2/2/2022 20:31
445,Rovaniemi,66.5,25.7167,11.61,92,20,9.22,FI,2/2/2022 20:26
446,Quelimane,-17.8786,36.8883,80.55,89,20,4.61,MZ,2/2/2022 20:31
447,Dunedin,-45.8742,170.5036,56.14,94,100,12.86,NZ,2/2/2022 20:31
448,Necochea,-38.5473,-58.7368,86.68,45,100,10.63,AR,2/2/2022 20:30
449,Mwinilunga,-11.7358,24.4293,61.99,95,100,2.13,ZM,2/2/2022 20:31
450,Senno,59.5336,33.9167,6.89,99,100,2.84,RU,2/2/2022 20:31
451,Taitung,22.7583,121.1444,68.34,84,92,6.89,TW,2/2/2022 20:31
452,Erenhot,43.6475,111.9767,-3.05,94,7,4.5,CN,2/2/2022 20:31
453,Bathsheba,13.2167,-59.5167,83.01,65,40,16.11,BB,2/2/2022 20:26
454,Kandi,11.1342,2.9386,72.37,10,55,5.41,BJ,2/2/2022 20:31
455,Inta,66.0317,60.1659,12,95,100,4.18,RU,2/2/2022 20:31
456,Tavda,58.0425,65.2726,17.29,93,40,7.61,RU,2/2/2022 20:32
457,Gigmoto,13.7796,124.39,76.93,89,100,13.35,PH,2/2/2022 20:32
458,Kalmunai,7.4167,81.8167,74.52,76,83,3.38,LK,2/2/2022 20:28
459,Lodja,-3.4833,23.4333,69.48,98,100,1.12,CD,2/2/2022 20:32
460,Muros,42.7762,-9.0603,55.9,78,100,4.38,ES,2/2/2022 20:28
461,Nyimba,-14.5566,30.8149,68.74,97,2,4.41,ZM,2/2/2022 20:32
462,Nouadhibou,20.931,-17.0347,71.58,60,2,14.97,MR,2/2/2022 20:32
463,Vodnyy,63.5046,53.4095,18.9,97,99,4.14,RU,2/2/2022 20:32
464,Healdsburg,38.6105,-122.8692,65.26,28,0,3,US,2/2/2022 20:32
465,Marshfield,44.6689,-90.1718,13.55,52,0,12.66,US,2/2/2022 20:32
466,Solnechnyy,50.7214,136.6319,-8.77,99,94,2.75,RU,2/2/2022 20:32
467,Kismayo,-0.3582,42.5454,78.87,88,100,14.65,SO,2/2/2022 20:32
468,Frolovo,49.7713,43.6622,35.38,100,100,14.03,RU,2/2/2022 20:32
469,Paamiut,61.994,-49.6678,5.88,68,100,15.23,GL,2/2/2022 20:32
470,Axim,4.8699,-2.2405,80.53,81,5,10.47,GH,2/2/2022 20:32
471,Machinga,-15.1685,35.3,68.5,89,36,2.42,MW,2/2/2022 20:32
472,Elizabeth City,36.2946,-76.2511,55.99,73,74,3.65,US,2/2/2022 20:32
473,Nizwa,22.9333,57.5333,67.96,54,2,5.14,OM,2/2/2022 20:32
474,New Richmond,45.123,-92.5366,9.52,47,0,11.5,US,2/2/2022 20:32
475,Labuhan,-6.8844,112.2051,77.54,86,100,6.04,ID,2/2/2022 20:32
476,Asau,46.4333,26.4,27.52,89,93,6.11,RO,2/2/2022 20:27
477,Macau,22.2006,113.5461,56.07,87,40,16.11,MO,2/2/2022 20:32
478,Iguape,-24.7081,-47.5553,78.28,81,77,11.52,BR,2/2/2022 20:32
479,Tianpeng,30.9866,103.9393,36.07,82,55,1.74,CN,2/2/2022 20:32
480,Aldan,58.6031,125.3894,-15.93,99,100,2.68,RU,2/2/2022 20:32
481,Suez,29.9737,32.5263,58.1,51,41,3.31,EG,2/2/2022 20:32
482,Midland,31.9974,-102.0779,36.27,79,100,16.11,US,2/2/2022 20:32
483,Gusau,12.1628,6.6614,71.37,12,32,8.88,NG,2/2/2022 20:29
484,Oistins,13.0667,-59.5333,82.49,65,40,16.11,BB,2/2/2022 20:28
485,Antsohihy,-14.8796,47.9875,74.98,95,100,2.77,MG,2/2/2022 20:32
486,Micheweni,-4.9667,39.8333,80.26,82,100,10.13,TZ,2/2/2022 20:32
487,Half Moon Bay,37.4636,-122.4286,63.1,31,0,8.01,US,2/2/2022 20:30
488,Pierre,44.3683,-100.351,10.85,56,100,10,US,2/2/2022 20:29
489,Slave Lake,55.2834,-114.769,-4.02,71,0,11.5,CA,2/2/2022 20:32
490,Kirakira,-10.4544,161.9205,80.69,84,100,8.25,SB,2/2/2022 20:31
491,Warmbad,-28.45,18.7333,71.06,65,88,16.55,NA,2/2/2022 20:32
492,Palmer,42.1584,-72.3287,46.71,69,98,3.33,US,2/2/2022 20:32
493,Inuvik,68.3499,-133.7218,-25.56,71,20,1.14,CA,2/2/2022 20:29
494,Los Algarrobos,8.5,-82.4333,85.46,43,0,10,PA,2/2/2022 20:32
495,Nouakchott,18.0858,-15.9785,89.53,24,0,12.26,MR,2/2/2022 20:32
496,Kabompo,-13.5927,24.2008,65.55,93,100,0.6,ZM,2/2/2022 20:32
497,Namibe,-15.1961,12.1522,73.45,69,82,11.05,AO,2/2/2022 20:32
498,Caruray,10.3094,119.0128,77.86,88,100,7.81,PH,2/2/2022 20:32
499,Struer,56.4912,8.5838,40.08,94,93,12.8,DK,2/2/2022 20:32
500,Zhanakorgan,43.9098,67.2495,24.1,92,6,3.13,KZ,2/2/2022 20:32
501,Topolobampo,25.6,-109.05,69.06,59,100,3.44,MX,2/2/2022 20:32
502,Tamale,9.4008,-0.8393,79.3,10,37,6.62,GH,2/2/2022 20:33
503,Byron Bay,-28.65,153.6167,77.05,93,98,9.64,AU,2/2/2022 20:33
504,Traralgon,-38.1833,146.5333,57.42,84,97,4.41,AU,2/2/2022 20:30
505,Grand Forks,47.9417,-97.4337,-3.21,64,20,16.11,US,2/2/2022 20:30
506,Olsztyn,53.7799,20.4942,28.36,91,100,10.4,PL,2/2/2022 20:33
507,Srednekolymsk,67.45,153.6833,-22.09,97,100,2.13,RU,2/2/2022 20:33
508,Tura,25.5198,90.2201,57.7,58,73,2.3,IN,2/2/2022 20:33
509,Nuuk,64.1835,-51.7216,9.21,52,75,10.36,GL,2/2/2022 20:29
510,Isangel,-19.55,169.2667,77.11,100,75,0,VU,2/2/2022 20:33
511,Ubate,5.3093,-73.8157,64.74,42,33,8.68,CO,2/2/2022 20:33
512,San Jose De Gracia,20.6667,-102.5833,75.58,19,0,9.78,MX,2/2/2022 20:33
513,Manacapuru,-3.2997,-60.6206,73.98,81,96,4.41,BR,2/2/2022 20:33
514,Rio Cuarto,-33.1307,-64.3499,80.37,47,75,6.91,AR,2/2/2022 20:33
515,Villa Sandino,12.0483,-84.9936,87.17,38,38,13.69,NI,2/2/2022 20:33
516,Kudahuvadhoo,2.6708,72.8944,80.74,74,2,6.91,MV,2/2/2022 20:33
517,Champerico,14.3,-91.9167,91.94,59,0,11.77,GT,2/2/2022 20:28
518,Chaiyaphum,15.75,102,80.06,66,8,3.62,TH,2/2/2022 20:33
519,Kendari,-3.945,122.4989,74.97,92,100,2.39,ID,2/2/2022 20:33
520,Rio Grande,-32.035,-52.0986,86.11,70,0,17,BR,2/2/2022 20:29
521,Qandala,11.472,49.8728,73.72,67,3,4.99,SO,2/2/2022 20:33
522,Krasnovishersk,60.4078,57.082,22.71,95,100,6.62,RU,2/2/2022 20:33
523,Nyurba,63.2842,118.3319,-34.15,100,77,3.69,RU,2/2/2022 20:33
524,North Bend,43.4065,-124.2243,50.92,89,100,3.44,US,2/2/2022 20:33
525,Kinshasa,-4.3246,15.3215,79.18,83,20,2.3,CD,2/2/2022 20:33
526,Krosno,49.6887,21.7706,35.04,100,100,13,PL,2/2/2022 20:33
527,Chapais,49.7834,-74.8492,15.58,89,100,8.48,CA,2/2/2022 20:32
528,Marystown,47.1666,-55.1483,27.86,100,17,3,CA,2/2/2022 20:33
529,Deputatskiy,69.3,139.9,-23.69,93,26,6.17,RU,2/2/2022 20:33
530,Guerrero Negro,27.9769,-114.0611,63.84,52,3,12.48,MX,2/2/2022 20:33
531,Bende,5.5572,7.6368,80.13,64,6,6.24,NG,2/2/2022 20:33
532,Huarmey,-10.0681,-78.1522,76.19,69,53,13.69,PE,2/2/2022 20:33
533,Edson,53.5835,-116.4356,-11.06,77,0,2.3,CA,2/2/2022 20:33
534,Koutiala,12.3917,-5.4642,77.13,10,1,8.23,ML,2/2/2022 20:33
535,Colares,38.7992,-9.4469,58.19,69,0,1.01,PT,2/2/2022 20:33
536,Hay River,60.8156,-115.7999,-9.42,64,20,1.14,CA,2/2/2022 20:33
537,Nantucket,41.2835,-70.0995,44.96,94,100,7.58,US,2/2/2022 20:30
538,Waingapu,-9.6567,120.2641,78.48,80,15,8.84,ID,2/2/2022 20:34
539,Calbuco,-41.768,-73.1273,69.01,77,87,7.09,CL,2/2/2022 20:31
540,Mabaruma,8.2,-59.7833,78.31,80,17,6.85,GY,2/2/2022 20:34
541,Kushiro,42.975,144.3747,14.59,88,22,5.91,JP,2/2/2022 20:34
542,Morgan City,29.6994,-91.2068,78.04,78,100,8.1,US,2/2/2022 20:34
543,Manaure,11.7751,-72.4445,91.51,50,14,16.33,CO,2/2/2022 20:34
544,Salta,-24.7859,-65.4117,82.99,43,75,5.01,AR,2/2/2022 20:30
545,Ilulissat,69.2167,-51.1,1.42,60,20,29.93,GL,2/2/2022 20:34
546,Ridgecrest,35.6225,-117.6709,54.01,13,0,8.99,US,2/2/2022 20:35
547,Skjervoy,70.0311,20.9714,14,70,16,19.84,NO,2/2/2022 20:35
548,Honiara,-9.4333,159.95,80.06,86,100,4.36,SB,2/2/2022 20:35
549,Concepcion,-36.827,-73.0498,66,63,20,10.36,CL,2/2/2022 20:35
550,Alindao,5.0267,21.2088,81.12,25,52,2.95,CF,2/2/2022 20:35
551,Sao Filipe,14.8961,-24.4956,75.63,65,4,17.18,CV,2/2/2022 20:35
552,Talaya,61.3833,152.75,-11.92,98,100,4.36,RU,2/2/2022 20:35
553,Montepuez,-13.1256,38.9997,68.81,96,9,3.71,MZ,2/2/2022 20:35
554,Gamba,-2.65,10,78.26,86,100,4.45,GA,2/2/2022 20:35
555,Broken Hill,-31.95,141.4333,56.91,58,0,16.11,AU,2/2/2022 20:32
556,Saint-Joseph,-21.3667,55.6167,79.18,91,100,31.36,RE,2/2/2022 20:35
557,Port-Cartier,50.0334,-66.8654,25.75,93,100,11.52,CA,2/2/2022 20:35
